{"cameraMode":{"drawMode":0,"name":"Shaded","section":"Shading Mode"},"sceneLighting":false,"audioPlay":false,"sceneViewState":{"showFog":false,"showMaterialUpdate":false,"showSkybox":false,"showFlares":false,"showImageEffects":false,"showParticleSystems":false},"in2DMode":false,"pivot":{"x":962.8485717773438,"y":540.0,"z":11.949334144592286},"rotation":{"x":-0.029081234708428384,"y":-0.9668776392936707,"z":0.1286807656288147,"w":-0.21854335069656373},"size":0.27697595953941347,"orthographic":false}