{"cameraMode":{"drawMode":0,"name":"Shaded","section":"Shading Mode"},"sceneLighting":false,"audioPlay":false,"sceneViewState":{"showFog":false,"showMaterialUpdate":false,"showSkybox":false,"showFlares":false,"showImageEffects":false,"showParticleSystems":false},"in2DMode":false,"pivot":{"x":3.2115581035614015,"y":1.1323076486587525,"z":1.3261933326721192},"rotation":{"x":-0.08813312649726868,"y":0.911770761013031,"z":-0.27636948227882388,"w":-0.29075658321380618},"size":0.7162185907363892,"orthographic":false}