{"cameraMode":{"drawMode":0,"name":"Shaded","section":"Shading Mode"},"sceneLighting":false,"audioPlay":false,"sceneViewState":{"showFog":false,"showMaterialUpdate":false,"showSkybox":false,"showFlares":false,"showImageEffects":false,"showParticleSystems":false},"in2DMode":false,"pivot":{"x":0.002150297164916992,"y":0.22431865334510804,"z":0.3141193389892578},"rotation":{"x":0.1466064155101776,"y":-0.40784284472465517,"z":0.0665326789021492,"w":0.8987545967102051},"size":1.796271562576294,"orthographic":false}